country,agricul_2017,inv_2017,pbi_num,pbi_2017
Afganistán,4954704011.36768,51533896.765,2058.4002210698,Muy bajo
Angola,12233138291.6657,-7397295409.18991,7310.89658895511,Muy bajo
Albania,2476624685.13854,1022757857.07377,12770.9642910053,Muy bajo
El mundo árabe,117373498178.484,30063429264.3078,14214.6130165904,Muy bajo
Emiratos Árabes Unidos,2971272974.8128,10354223000,67183.6053111678,Medio
Argentina,33672221280.3468,11516861462.2845,23597.117752839,Muy bajo
Armenia,1728457123.06439,250935110.239139,12115.1392902637,Muy bajo
Antigua y Barbuda,26329629.6296296,151271628.230867,19840.2840357027,Muy bajo
Australia,35858662040.8779,48198614234.959,48398.5497014956,Medio
Austria,5051098257.10589,13518864836.285,54172.9867888254,Medio
Azerbaiyán,2291482686.49779,2867487000,14121.4069355591,Muy bajo
Burundi,784513378.919232,316473.449369742,773.572858670972,Muy bajo
Bélgica,3343856282.35295,-37288840312.4529,50442.2705419624,Medio
Benin,3618576519.03844,200902719.348049,3044.51715620319,Muy bajo
Burkina Faso,2903999902.17972,2572690.32188177,2044.38698676758,Muy bajo
Bangladesh,33494889673.3107,1810395803.56746,4160.70332471531,Muy bajo
Bulgaria,2392194756.55431,2007290000,21469.9454411605,Muy bajo
Bahrein,103085106.382979,518882978.723404,47709.7780156397,Bajo
Bahamas,95900000,304587573.117333,35917.7570326171,Bajo
Bosnia y Herzegovina,1012764275.36025,509429047.915133,13753.8374426837,Muy bajo
Belarús,4140506132.58811,1276300000,18356.1007741722,Muy bajo
Belice,208153600,31831615.5013862,7193.63430990345,Muy bajo
Bermudas,19620000,-288109270.997092,81834.9558735543,Alto
Bolivia,4347002547.8078,712474137.775022,8423.69755843668,Muy bajo
Brasil,94933885411.9654,68885491315.23,14524.6135408174,Muy bajo
Brunei Darussalam,131765732.493301,467927550.316567,60994.5315563275,Medio
Bhután,368378522.640721,-16553759.9525493,11142.4746724654,Muy bajo
Botswana,296654231.980981,260575129.351448,15948.0320233624,Muy bajo
República Centroafricana,679527045.924546,6888751.401,912.803045335037,Muy bajo
Canadá,31171032151.0368,25357801000.497,48317.1745835151,Medio
Europa Central y del Báltico,44433903304.8272,28978937690.892,29901.2960330412,Bajo
Suiza,4389035823.39649,143235966548.555,69103.570264696,Medio
Chile,11026829014.8522,6127820993.23861,24470.7036237008,Bajo
China,918795407202.462,166083755721.649,14243.5326108491,Muy bajo
Cí´te d'Ivoire,9666324353.09883,975014998.795493,4830.75051522678,Muy bajo
Camerún,6025909974.00013,814458940.927625,3665.11785084879,Muy bajo
"Congo, República Democrática del",7490820896.75358,1047979482.55526,1059.81076228861,Muy bajo
"Congo, República del",823413882.771434,4416953734,4234.65988322969,Muy bajo
Colombia,19928321066.6495,13700880445.1998,14171.3205005648,Muy bajo
Comoras,343691259.0478,3919473.02500831,3032.26213308112,Muy bajo
Cabo Verde,119161543.640136,111711633.73814,6643.17989182913,Muy bajo
Costa Rica,2844118693.40133,2924906990.98245,20347.0347715873,Muy bajo
Estados pequeos del Caribe,3352385520.46952,2014802145.07721,15737.8041148569,Muy bajo
Curacao,5293173.18435754,172681564.24581,25475.4896636129,Bajo
Islas Caimán,21612144.4857794,2506466933.66629,69753.0897229101,Medio
Chipre,424978535.924085,14406568776.0426,38287.9691989983,Bajo
República Checa,4498524148.35518,11234740946.0941,38824.8879170919,Bajo
Alemania,31436767778.8236,109505815446.82,53071.4555699913,Medio
Djibouti,37763440.4487933,164929861.974668,4885.20503911992,Muy bajo
Dominica,69914814.8148148,22677207.693769,11304.0433278877,Muy bajo
Dinamarca,4333516836.06772,3607276299.51791,55356.680780178,Medio
República Dominicana,4274025158.62197,3597900000,16735.3644228294,Muy bajo
Argelia,19996440575.6355,1230243450.87889,11737.4012353821,Muy bajo
Asia oriental y el Pací­fico (excluido altos ingresos),1220137259938.75,240018521861.353,12903.4243245362,Muy bajo
inicial del dividendo demográfico,1188482652858.87,212172834524.363,8963.45945822964,Muy bajo
Asia oriental y el Pací­fico,1365637892346.37,559912230900.853,16277.5927965605,Muy bajo
Europa y Asia central (excluido altos ingresos),180963684945.463,72034083812.3904,21128.3620651163,Muy bajo
Europa y Asia central,449911589034.951,906680445233.798,34073.9375374271,Bajo
Ecuador,9730031000,629512412.259199,11617.9122190573,Muy bajo
"Egipto, República Árabe de",27074687500,7408700000,11014.4864791744,Muy bajo
Zona del Euro,199814422051.623,488704734848.98,45609.5086540805,Bajo
España,36600540436.4706,31565354023.7858,39528.9253872668,Bajo
Estonia,642471149.001178,1735775304.25104,33821.93290847,Bajo
Etiopí­a,27621585325.0467,4017159564.65434,2021.56290796009,Muy bajo
Unión Europea,250102881104.479,540001730780.338,42676.6286975399,Bajo
Frágiles y situaciones de conflicto afectados,252300308205.572,24307835988.1773,4322.72443062805,Muy bajo
Finlandia,5920659045.88236,17149122038.4331,47570.133583848,Bajo
Fiji,563811311.626107,387602565.305446,13429.3006222384,Muy bajo
Francia,40027993125.8824,35868111746.0378,44577.0645745394,Bajo
Gabón,786151771.089527,1314029330,15006.8440374987,Muy bajo
Reino Unido,16015390463.524,125358809934.121,46372.38660351,Bajo
Georgia,1013588364.21598,1920628293.25,13589.7073915159,Muy bajo
Ghana,11816521273.4168,3254990000,5115.90675022862,Muy bajo
Guinea,2119496689.16239,577590000,2417.80379491483,Muy bajo
Gambia,316059561.585877,64338516.0351372,2072.64683284207,Muy bajo
Guinea-Bissau,663717477.125468,15691197.9520896,1925.23773659951,Muy bajo
Guinea Ecuatorial,282507695.151088,304827249.5,22550.958161123,Muy bajo
Grecia,7706777619.73884,3439131879.75518,28604.8609402657,Bajo
Granada,60466851.8518519,155662145.333704,16217.4998498411,Muy bajo
Guatemala,6947790252.99745,998344470,8322.21680991504,Muy bajo
Guyana,1080585956.41646,327343651.21783,12005.4051046745,Muy bajo
Ingreso alto,674563744917.964,1649239608145.72,48896.614928618,Medio
"Hong Kong, Región Administrativa Especial",222758302.109531,125716724339.795,59849.2481763342,Medio
Honduras,2910931909.43081,949955941.517779,5561.99454219124,Muy bajo
Paí­ses pobres muy endeudados (PPME),161766643237.618,29558483727.8176,2531.42433576,Muy bajo
Croacia,1627734887.40881,460160214.941726,27154.0846858541,Bajo
Haití­,2841545209.40295,374855000,3153.29938869996,Muy bajo
Hungrí­a,5372714684.80506,-12133055292.6452,29501.1204204706,Bajo
Sólo BIRF,2263086780907.73,525414346451.054,12516.0164676555,Muy bajo
BIRF y la AIF,2686160586436.02,575768153959.955,10253.1526470248,Muy bajo
total de la AIF,423944218795.816,50353807508.9009,3535.85970261986,Muy bajo
mezcla de la AIF,196589274323.724,14610110800.2685,4845.8255452983,Muy bajo
Indonesia,133621208764.874,20510310832.4469,10935.6317158256,Muy bajo
Sólo AIF,227475338016.131,35743696708.6324,2882.83856943964,Muy bajo
India,439039677566.795,39966091358.7384,6182.92210857444,Muy bajo
Irlanda,3956064402.31765,58300808407.7812,77749.2019569363,Alto
"Irán, República Islámica del",42306665581.193,5.019e+09,14535.8735778483,Muy bajo
Iraq,5572960135.13513,-5032400000,10526.3709148753,Muy bajo
Islandia,935456901.558007,-6999892980.93709,55638.4920591796,Medio
Israel,4289269826.11174,16892500000,39121.2958325461,Bajo
Italia,38700052902.9412,11138429977.1854,41581.120790548,Bajo
Jamaica,982100504.436777,888835228.478601,9600.10474580389,Muy bajo
Jordania,1972112676.05634,2029718309.85915,10003.5749827297,Muy bajo
Japón,55641568300.4069,18802251208.1069,41505.0824777862,Bajo
Kazajstán,7534592225.17722,4712631470.52606,24862.9661245889,Bajo
Kenya,17140262776.9413,1266137282.66311,4203.58501078548,Muy bajo
Kirguistán,963989852.860672,-107212800,5046.69153549095,Muy bajo
Camboya,5180913497.25225,2788084321.65816,3928.37393363069,Muy bajo
Kiribati,57140055.0880737,784797.254894666,2235.70735994823,Muy bajo
Saint Kitts y Nevis,11175259.2592593,48026116.1448074,26982.9295790329,Bajo
"Corea, República de",30054459182.8593,17912900000,40957.4180587145,Bajo
Kuwait,633825255.522585,113012065.007347,50855.5529145289,Medio
América Latina y el Caribe (excluido altos ingresos),251484533763.472,152463735659.393,15419.8204951669,Muy bajo
República Democrática Popular Lao,2765487262.3362,1693080810.93877,7257.81210698745,Muy bajo
Lí­bano,1559066980.43871,2522409653.4,16043.0606967963,Muy bajo
Liberia,1218707500,247842983.01405,1564.19768164013,Muy bajo
Santa Lucí­a,33027245.4328994,89941452.0910667,14928.396096145,Muy bajo
América Latina y el Caribe,329593066769.383,203987125784.987,15928.5586973158,Muy bajo
Paí­ses menos desarrollados: clasificación de las Naciones Unidas,202072690894.912,20977717723.0904,2841.18714695135,Muy bajo
Paí­ses de ingreso bajo,106926562827.782,12955014222.7149,1925.58107699979,Muy bajo
Sri Lanka,6848270607.24294,1372723043.13402,12584.1047924776,Muy bajo
Paí­ses de ingreso mediano bajo,1104067018123.09,138000315980.621,6728.30974735579,Muy bajo
Ingreso mediano y bajo,2605633684218.88,555090416284.245,9993.18103720812,Muy bajo
Lesotho,114530660.660661,42168784.1137567,2668.29142526247,Muy bajo
avanzada del dividendo demográfico,1302458541309.36,452563721758.378,15953.2892732613,Muy bajo
Lituania,1675143213.80471,1383731106.4056,33761.871239796,Bajo
Luxemburgo,154142737.167059,-6815331955,114985.842235989,Muy alto
Letonia,1082904467.99647,1153575224.71464,28673.5633962664,Bajo
Marruecos,13559533635.9884,2680109856.21237,7312.05677903856,Muy bajo
República de Moldova,1109339802.15147,149520000,11651.3174546862,Muy bajo
Madagascar,3234803140.22932,464856589.648809,1584.4245185911,Muy bajo
Maldivas,254422668.486385,457808313.566538,18057.9109233313,Muy bajo
Oriente Medio y Norte de África,152765123933.206,53838738552.0462,16224.6992116068,Muy bajo
México,39183705967.8229,33170534975,19721.2609759241,Muy bajo
Islas Marshall,32633800,5835497.47968519,3711.89600373591,Muy bajo
Ingreso mediano,2498322678268.45,542135402061.53,10874.1494748941,Muy bajo
Macedonia del Norte,890232413.496629,380738977.544776,15706.4441718656,Muy bajo
Malí­,5751761755.26779,559362392.099868,2246.79742084484,Muy bajo
Malta,90104151.0903243,3890244436.94056,42644.0804444448,Bajo
Myanmar,15311728852.7999,4804272487.31986,4224.54503061412,Muy bajo
Oriente Medio y Norte de África (excluido altos ingresos),125313715405.411,16747748258.0288,10446.0374445668,Muy bajo
Montenegro,332043047.103899,560665419.031984,19682.2651956681,Muy bajo
Mongolia,1278648794.93914,1494350363.46922,11366.3039371032,Muy bajo
Mozambique,3310545313.85892,2319071971.47682,1283.65986980986,Muy bajo
Mauritania,1544664804.46927,588217194.758539,5108.54913220438,Muy bajo
Mauricio,410482172.997616,479995890.3,21415.1161096211,Muy bajo
Malawi,2050418165.82166,90200000,1472.14686847702,Muy bajo
Malasia,27438145288.8103,9368469822.66146,26661.5074160333,Bajo
América del Norte,216811055151.037,405892691729.5,58922.1128700706,Medio
Namibia,989852100.714017,280476974.998847,10171.4214953612,Muy bajo
Ní­ger,4006154393.29297,338710710.13916,1163.22617020833,Muy bajo
Nigeria,78330256171.161,2412974916.23264,5190.35612668836,Muy bajo
Nicaragua,2067391666.87479,1035400000,6004.01408757341,Muy bajo
Paí­ses Bajos,15473243074.1177,213647718972.371,55088.6338006744,Medio
Noruega,7874108402.1761,5900604723.78859,64050.7561654659,Medio
Nepal,6866135824.5258,196265098.563575,3565.19780740052,Muy bajo
Nueva Zelandia,12217491962.1764,2390035935.47737,42285.319902666,Bajo
Miembros OCDE,745358270953.134,1358123291753.3,43389.812351618,Bajo
Omán,1604681404.42133,2917295188.55657,33308.4843146012,Bajo
Otros Estados pequeos,8701412124.11545,19157821458.7732,22637.095332475,Muy bajo
Pakistán,69824686104.6445,2.496e+09,4571.20507840804,Muy bajo
Panamá,1483351007.6731,4082062468.94,30446.8495664097,Bajo
Perú,14305781321.8831,6860492819.49823,12506.5293750586,Muy bajo
Filipinas,33449056032.4587,10256442398.8834,8120.86879330973,Muy bajo
Palau,10100000,27484632.723017,17770.5619972634,Muy bajo
Papua Nueva Guinea,4013973253.5265,161470622.807911,4285.62875648139,Muy bajo
Polonia,15122906358.3203,1.1762e+10,30064.5034841771,Bajo
previa al dividendo demográfico,220558558713.607,10140450929.6324,3537.89228901003,Muy bajo
Portugal,4639370136.80471,10683844360.5991,33044.7167387479,Bajo
Paraguay,4105127754.20816,744619762.899364,12590.548443655,Muy bajo
Ribera Occidental y Gaza,1135500000,183950642.861711,6401.74089135074,Muy bajo
posterior al dividendo demográfico,617252909955.56,1444471736747.86,47588.8308420883,Bajo
Qatar,345946730.769231,985989010.989011,91738.7527956234,Alto
Rumania,9131054904.38001,5952909608.10492,27141.9009335846,Bajo
Federación de Rusia,55941254578.1142,28557440000,25926.4438539743,Bajo
Rwanda,2437769871.33966,274025990.659944,1975.24866113275,Muy bajo
Asia meridional,561651164979.014,46334263754.3824,5773.98060124132,Muy bajo
Arabia Saudita,17410713866.6667,1418843613.80048,47306.222319502,Bajo
Sudán,8764735157.14286,1065298481.41867,4598.85002570756,Muy bajo
Senegal,3145712432.14795,588292997.958708,3203.90636811769,Muy bajo
Singapur,105655731.769136,100786356970.871,95350.4356748021,Alto
Sierra Leona,2254350171.97395,413724476.112752,1633.73073779599,Muy bajo
El Salvador,1347130000,503801415.183001,8454.05216690571,Muy bajo
Serbia,2656996313.06556,2894615965.23761,16611.023740948,Muy bajo
África al sur del Sahara (excluido altos ingresos),265799983208.473,27492062938.6974,3866.3963676015,Muy bajo
África al sur del Sahara,265828662339.67,27616528474.402,3868.53601273447,Muy bajo
Pequeños Estados,13663278715.7238,21679339380.8328,20440.6724188236,Muy bajo
Santo Tomé y Prí­ncipe,40862694.4542049,34208489.0333144,3952.94539403456,Muy bajo
Suriname,392109726.618321,96075554.7414537,18283.6883894232,Muy bajo
República Eslovaca,1994349316.07177,4225581974.33236,30061.5514717196,Bajo
Eslovenia,893905418.129413,1196228604.69281,36507.5530416531,Bajo
Suecia,7809812476.96453,28405674155.3444,51947.9542478244,Medio
Eswatini,371071766.17102,-57647593.3929901,8408.03591539676,Muy bajo
Sint Maarten (Dutch part),949720.670391061,64248297.0446927,37914.1229673613,Bajo
Seychelles,28670657.4541511,124465535.7046,27309.7621128652,Bajo
Islas Turcas y Caicos,4766000,22068000,27060.5896570252,Bajo
Chad,4861500780.06505,363381636.4,1587.03232784726,Muy bajo
Asia oriental y el Pací­fico (BIRF y la AIF),1216395360151.9,240058838915.976,13047.0841019261,Muy bajo
Europa y Asia central (BIRF y la AIF),197714326191.193,84256244027.3321,21925.3972691305,Muy bajo
Togo,1319936547.70538,88558699.5022234,2012.24069260973,Muy bajo
Tailandia,38363249046.8418,8285169819.69135,17422.9523512059,Muy bajo
Tayikistán,1528638431.75784,185827080.700795,3252.93265536068,Muy bajo
Turkmenistán,4216571428.57143,2085944135,14205.0265119624,Muy bajo
América Latina y el Caribe (BIRF y la AIF),324880403606.776,160938481172.695,15849.0828669983,Muy bajo
Timor-Leste,271269500,6715937.467148,3177.48513651044,Muy bajo
Oriente Medio y Norte de África (BIRF y la AIF),124178060743.957,16563797615.1671,10495.408846085,Muy bajo
Tonga,77368559.1495137,-5613753.35828908,6467.12427796495,Muy bajo
Asia meridional (BIRF y la AIF),561651164979.014,46334263754.3824,5773.98060124132,Muy bajo
África al sur del Sahara (BIRF y la AIF),265828662339.67,27616528474.402,3868.53601273447,Muy bajo
Trinidad y Tobago,277513090.93591,-470882577.73977,26342.6166624768,Bajo
Túnez,3788881013.62553,810936482.841998,11234.4897248596,Muy bajo
Turquí­a,51871604287.1632,1.1042e+10,27913.8187158996,Bajo
Tanzaní­a,15325460208.2699,937700000,2530.603317381,Muy bajo
Uganda,7212295524.12497,802704141.008568,2074.65243576542,Muy bajo
Ucrania,11408187512.6896,3.68e+09,11860.5609298492,Muy bajo
Ingreso mediano alto,1394265410810.82,404135086080.909,16203.800757904,Muy bajo
Uruguay,3433518879.63622,2686509353.42749,23009.8742286911,Muy bajo
Estados Unidos,185620403000,3.80823e+11,60109.6557260477,Medio
Uzbekistán,17791555799.2584,1797341435.65381,6840.70986001705,Muy bajo
San Vicente y las Granadinas,54814814.8148148,163275187.56616,12245.1263378297,Muy bajo
Viet Nam,34338758284.741,1.41e+10,7155.4431870997,Muy bajo
Vanuatu,188071318.335609,38222690.1627779,3081.83519771335,Muy bajo
Mundo,3338009214067.33,2204262024429.97,16210.5538993636,Muy bajo
Samoa,87523487.1413831,9215371.78697386,6489.77678623675,Muy bajo
Kosovo,532006326.253954,286835212.112418,10436.1688459323,Muy bajo
Sudáfrica,9512565346.39335,2058579911.05235,13860.2701664709,Muy bajo
Zambia,1041223882.32204,1107519804.84533,3485.02178024575,Muy bajo
Zimbabwe,1466750279.24047,307187738.788,3795.64243109451,Muy bajo
